<?xml version="1.0" encoding="UTF-8"?>
<databaseChangeLog
    xmlns="http://www.liquibase.org/xml/ns/dbchangelog"
    xmlns:xsi="http://www.w3.org/2001/XMLSchema-instance"
    xsi:schemaLocation="http://www.liquibase.org/xml/ns/dbchangelog
        http://www.liquibase.org/xml/ns/dbchangelog/dbchangelog-3.8.xsd">
    
    <changeSet id="6" author="amiri">
        <createTable tableName="tbl_encouragement_review">
            <column name="encouragement_review_id" type="UNIQUEIDENTIFIER">
                <constraints primaryKey="true" nullable="false"/>
            </column>
            <column name="encouragement_review_encouragement_id" type="UNIQUEIDENTIFIER">
                <constraints nullable="false"/>
            </column>
            <column name="encouragement_review_registrar_personnel_id" type="UNIQUEIDENTIFIER">
                <constraints nullable="false"/>
            </column>
            <column name="encouragement_review_paying_authority_id" type="UNIQUEIDENTIFIER">
                <constraints nullable="false"/>
            </column>
            <column name="encouragement_review_encouragement_type_id" type="UNIQUEIDENTIFIER">
                <constraints nullable="false"/>
            </column>
            <column name="encouragement_review_result" type="tinyint">
                <constraints nullable="false"/>
            </column>
            <column name="encouragement_review_description" type="nvarchar(max)"/>
            <column name="encouragement_review_created_at" type="date">
                <constraints nullable="false"/>
            </column>
            <column name="encouragement_review_amount" type="decimal(18,0)"/>
            <column name="encouragement_review_amount_type" type="tinyint"/>
            <column name="encouragement_review_percentage" type="tinyint"/>
            <column name="encouragement_review_type" type="tinyint">
                <constraints nullable="false"/>
            </column>
            <column name="encouragement_review_updated_at" type="date"/>
            <!-- New fields -->
            <column name="encouragement_review_approval_date" type="date"/>
            <column name="encouragement_review_organization_id" type="UNIQUEIDENTIFIER"/>
        </createTable>
    </changeSet>
</databaseChangeLog>
