<?xml version="1.0" encoding="UTF-8"?>
<databaseChangeLog
        xmlns="http://www.liquibase.org/xml/ns/dbchangelog"
        xmlns:xsi="http://www.w3.org/2001/XMLSchema-instance"
        xsi:schemaLocation="http://www.liquibase.org/xml/ns/dbchangelog
        http://www.liquibase.org/xml/ns/dbchangelog/dbchangelog-3.8.xsd">

    <changeSet id="4" author="amiri">
        <createTable tableName="tbl_encouragement_reason">
            <!-- شناسه علت تشویق -->
            <column name="encouragement_reason_id" type="UNIQUEIDENTIFIER">
                <constraints primaryKey="true" nullable="false"/>
            </column>

            <!-- عنوان علت تشویق -->
            <column name="encouragement_reason_title" type="NVARCHAR(50)">
                <constraints nullable="false" unique="true"/>
            </column>

            <!-- وضعیت (فعال/غیر فعال) -->
            <column name="encouragement_reason_is_active" type="BIT" defaultValueBoolean="true">
                <constraints nullable="false"/>
            </column>
        </createTable>
    </changeSet>

</databaseChangeLog>
