<databaseChangeLog
        xmlns="http://www.liquibase.org/xml/ns/dbchangelog"
        xmlns:xsi="http://www.w3.org/2001/XMLSchema-instance"
        xsi:schemaLocation="http://www.liquibase.org/xml/ns/dbchangelog
    http://www.liquibase.org/xml/ns/dbchangelog/dbchangelog-3.8.xsd">

    <changeSet id="7" author="amiri">
        <createTable tableName="tbl_encouragement_type">
            <column name="encouragement_type_id" type="UNIQUEIDENTIFIER">
                <constraints primaryKey="true" nullable="false"/>
            </column>
            <column name="encouragement_type_title" type="NVARCHAR(50)">
                <constraints nullable="false" unique="true"/>
            </column>
            <column name="encouragement_type_is_active" type="BIT" defaultValueBoolean="true">
                <constraints nullable="false"/>
            </column>
            <column name="encouragement_type_nature_type" type="TINYINT">
                <constraints nullable="false"/>
            </column>
        </createTable>
    </changeSet>
</databaseChangeLog>
