<?xml version="1.0" encoding="UTF-8"?>
<databaseChangeLog
        xmlns="http://www.liquibase.org/xml/ns/dbchangelog"
        xmlns:xsi="http://www.w3.org/2001/XMLSchema-instance"
        xsi:schemaLocation="http://www.liquibase.org/xml/ns/dbchangelog
    http://www.liquibase.org/xml/ns/dbchangelog/dbchangelog-3.8.xsd">

    <!-- Create the Table -->
    <changeSet id="5" author="amiri">
        <createTable tableName="tbl_encouragement_reason_type">
            <column name="encouragement_reason_type_id" type="uniqueidentifier">
                <constraints primaryKey="true"/>
            </column>
            <column name="encouragement_reason_type_encouragement_reason_id" type="uniqueidentifier">
                <constraints nullable="true"/>
            </column>
            <column name="encouragement_reason_type_encouragement_type_id" type="uniqueidentifier">
                <constraints nullable="true"/>
            </column>
            <column name="encouragement_reason_type_max_amount" type="decimal(18,0)" />
            <column name="encouragement_reason_type_max_duration" type="int" />
            <column name="encouragement_reason_type_duration_type" type="varchar(255)" />
            <column name="encouragement_reason_type_is_active" type="BIT" defaultValueBoolean="true">
                <constraints nullable="false"/>
            </column>
        </createTable>
    </changeSet>

</databaseChangeLog>