<?xml version="1.0" encoding="UTF-8"?>

<databaseChangeLog
    xmlns="http://www.liquibase.org/xml/ns/dbchangelog"
    xmlns:xsi="http://www.w3.org/2001/XMLSchema-instance"
    xsi:schemaLocation="http://www.liquibase.org/xml/ns/dbchangelog
        http://www.liquibase.org/xml/ns/dbchangelog/dbchangelog-3.8.xsd">
    <changeSet id="12" author="amiri">
        <createTable tableName="tbl_registrar_power_limits">
            <column name="registrar_power_limits_id" type="UNIQUEIDENTIFIER">
                <constraints primaryKey="true" nullable="false"/>
            </column>
            <column name="registrar_power_limits_encouragement_type_id" type="UNIQUEIDENTIFIER">
                <constraints nullable="false"/>
            </column>
            <column name="registrar_power_limits_grade_id" type="UNIQUEIDENTIFIER">
                <constraints nullable="false"/>
            </column>
            <column name="registrar_power_limits_job_position_id" type="UNIQUEIDENTIFIER">
                <constraints nullable="false"/>
            </column>
            <column name="registrar_power_limits_max_amount" type="decimal(18,0)">
                <constraints nullable="true"/>
            </column>
            <column name="registrar_power_limits_max_duration" type="tinyint">
                <constraints nullable="true"/>
            </column>
            <column name="registrar_power_limits_duration_type" type="tinyint">
                <constraints nullable="true"/>
            </column>
        </createTable>
    </changeSet>
</databaseChangeLog>
