<?xml version="1.0" encoding="UTF-8"?>

<databaseChangeLog
    xmlns="http://www.liquibase.org/xml/ns/dbchangelog"
    xmlns:xsi="http://www.w3.org/2001/XMLSchema-instance"
    xsi:schemaLocation="http://www.liquibase.org/xml/ns/dbchangelog
        http://www.liquibase.org/xml/ns/dbchangelog/dbchangelog-3.8.xsd">

    <changeSet id="3" author="amiri">
        <createTable tableName="tbl_encouragement">
            <column name="encouragement_id" type="UNIQUEIDENTIFIER">
                <constraints primaryKey="true" nullable="false"/>
            </column>
            <column name="encouragement_related_personnel_id" type="UNIQUEIDENTIFIER">
                <constraints nullable="false"/>
            </column>
            <column name="encouragement_registrar_personnel_id" type="UNIQUEIDENTIFIER">
                <constraints nullable="false"/>
            </column>
            <column name="encouragement_approver_personnel_id" type="UNIQUEIDENTIFIER">
               
            </column>
            <column name="encouragement_reason_type_id" type="UNIQUEIDENTIFIER">
           <constraints nullable="false"/>
            </column>
            <column name="encouragement_number" type="varchar(15)">
                <constraints nullable="false"/>
            </column>
            <column name="encouragement_created_at" type="date">
                
            </column>
            <column name="encouragement_amount" type="decimal(18,0)">
                <constraints nullable="false"/>
            </column>
            <column name="encouragement_amount_type" type="tinyint">
               
            </column>
            <column name="encouragement_description" type="nvarchar(max)">
                
            </column>
            <column name="encouragement_status" type="tinyint">
               
            </column>
            <column name="encouragement_approved_at" type="date"/>
        </createTable>
    </changeSet>

</databaseChangeLog>
